rgn_id,year,artificial_coastline_ratio
1,2014,0.564755554
2,2014,0.71121067
3,2014,0.688176077
4,2014,0.706241956
5,2014,0.309406805
6,2014,0.510357885
7,2014,0.566829016
8,2014,0.489656072
9,2014,0.413715215
10,2014,0.545009574
11,2014,0.396621427
