rgn_id,year,trend
1,2016,0.187838919015024
2,2016,0.187838919015024
3,2016,0.187838919015024
4,2016,0.187838919015024
5,2016,0.187838919015024
6,2016,0.187838919015024
7,2016,0.187838919015024
8,2016,0.187838919015024
9,2016,0.187838919015024
10,2016,0.187838919015024
11,2016,0.187838919015024
