rgn_id,resilience.score
1,0.818181818181818
2,0.818181818181818
3,0.818181818181818
4,0.818181818181818
5,0.818181818181818
6,0.818181818181818
7,0.818181818181818
8,0.818181818181818
9,0.818181818181818
10,0.818181818181818
11,0.818181818181818
12,0.818181818181818
