rgn_id,resilience.score
1,0.58571428575
2,0.58571428575
3,0.58571428575
4,0.58571428575
5,0.58571428575
6,0.58571428575
7,0.58571428575
8,0.58571428575
9,0.58571428575
10,0.58571428575
11,0.58571428575
12,0.58571428575
