rgn_id,resilience.score
1,0.421961231403
2,0.421961231403
3,0.421961231403
4,0.421961231403
5,0.421961231403
6,0.421961231403
7,0.421961231403
8,0.421961231403
9,0.421961231403
10,0.421961231403
11,0.421961231403
12,0.421961231403
