rgn_id,year,pressure_score
1,2015,0.592504994669824
2,2015,0.592504994669824
3,2015,0.592504994669824
4,2015,0.592504994669824
5,2015,0.592504994669824
6,2015,0.592504994669824
7,2015,0.592504994669824
8,2015,0.592504994669824
9,2015,0.592504994669824
10,2015,0.592504994669824
11,2015,0.592504994669824
12,2015,0.592504994669824
