rgn_id,resilience_score
1,0.294392523
2,0.300656194
3,0.198381139
4,0.329978433
5,0.554381914
6,0.335856259
7,0.327835514
8,0.646363395
9,0.485595915
10,0.577751596
11,1
