rgn_id,pressures.score
1,0.011521375392743
2,0.011521375392743
3,0.011521375392743
4,0.011521375392743
5,0.011521375392743
6,0.011521375392743
7,0.011521375392743
8,0.011521375392743
9,0.011521375392743
10,0.011521375392743
11,0.011521375392743
12,0.011521375392743
