rgn_id,score
1,0.893210384928468
2,0.893210384928468
3,0.893210384928468
4,0.893210384928468
5,0.893210384928468
6,0.893210384928468
7,0.893210384928468
8,0.893210384928468
9,0.893210384928468
10,0.893210384928468
11,0.893210384928468
12,0.893210384928468
