rgn_id,score
1,0.9021583793924425
2,0.9021583793924425
3,0.9021583793924425
4,0.9021583793924425
5,0.9021583793924425
6,0.9021583793924425
7,0.9021583793924425
8,0.9021583793924425
9,0.9021583793924425
10,0.9021583793924425
11,0.9021583793924425
