rgn_id,year,pressure_score
1,2017,0.705607477
2,2017,0.699343806
3,2017,0.801618861
4,2017,0.670021567
5,2017,0.445618086
6,2017,0.664143741
7,2017,0.672164486
8,2017,0.353636605
9,2017,0.514404085
10,2017,0.422248404
11,2017,0
