rgn_id,year,pressure_score
1,2017,0.979166667
2,2017,0.975450082
3,2017,0.991360691
4,2017,0.987637363
5,2017,0.973288815
6,2017,0.982394366
7,2017,0.9808
8,2017,0.956624606
9,2017,0.97766323
10,2017,0.976149915
11,2017,0.92989418
